Lan_ID,Organization,Record_ID
nshaw01,oeca_osre_pped,E1469106
amargoli,ogc_glo,E14884590
bbcook,oar_oap_ccd_ggrb,E19726926
amargoli,ogc_glo,E11398664
lgrogan,oar_oap_ccd_pib,E5581754
lhanusia,r9_sfd_sfd7_sfd73,E1514946
jkaminer,ogc_glo,E10596503
mmullen,oig_oa,E7891786
dsosnows,oar_otaq_tcd_smtpc,E23082044
tthompso,oig_ope,D694168
rphill02,oarm_ogd,E19874670
mweissko,oarm_ogd_nptcd,E142618
jkaminer,ogc_glo,E24373450
mrobin03,oeca_oap_itd,E12631666
jkaminer,ogc_glo,E6268628
rsobocin,oar_oap_camd_emb,E22864353
celzoghb,oig_ope,E18146668
birvin02,oar_oap_ccd_pib,E813526
sgarriso,ogc_ptslo,E22663822
ckinchel,oig_ope,E21632067
khoang,r9_sfd_sfd6_sfd61,D443474
rphill02,oarm_ogd,E19874681
rsnyde02,oar_otaq_tcd,E16880844
ahuskey,ogc_ptslo,E25560326
jkaminer,ogc_glo,E12893625
sander02,ogc_ptslo,E781338
sgarriso,ogc_ptslo,E22663197
sander02,ogc_ptslo,E772413
ljantara,oar_oap_ccd_csib,E9395636
celzoghb,oig_ope,E25300549
ksibold,oar_oap_ccd_icbb,E1133438
drichmon,r9_sfd_sfd6_sfd62,E12038736
ljantara,oar_oap_ccd_csib,E9636802
dyen,oar_otaq_asd_ldvsec,E1036019
khoang,r9_sfd_sfd6_sfd61,D203226
pmott,oeca_osre_rsd,E13672009
mmontoro,oar_oap_cppd_esrb,D361383
lgrogan,oar_oap_ccd_pib,E5536600
akarimje,oar_oap_ccd_ggrb,E4323402
mrobin03,oeca_oap_itd,E3640429
pguzman,oeca_oap_itd,E3800906
tthompso,oig_ope,D678245
lstewa04,oar_otaq_tcd,E7981792
lmcqueen,oar_otaq_ioaa_csc,D393008
jsimon02,oar_otaq_asd,E15453658
celzoghb,oig_ope,E21761947
lhanusia,r9_sfd_sfd7_sfd73,E5144690
celzoghb,oig_ope,E25068889
lhanusia,r9_sfd_sfd7_sfd73,E5886274
jkaminer,ogc_glo,E12182049
jnarimat,oig_ope,E5170527
usong,oar_oap_cppd_eslb,E8724494
dsosnows,oar_otaq_tcd_smtpc,D713451
celzoghb,oig_ope,E19648968
mmontoro,oar_oap_cppd_esrb,D363532
celzoghb,oig_ope,E15303737
jmonger,oar_otaq_tcd,E10159830
dberol,ogc_ptslo,E710779
dsosnows,oar_otaq_tcd_smtpc,E23169707
mlemon,oar_oap_spd_spib,E7437355
ksibold,oar_oap_ccd_icbb,E413818
ldavie02,oeca_oap_itd,E4105839
celzoghb,oig_ope,E26229573
ahuskey,ogc_ptslo,E6458116
pguzman,oeca_oap_itd,E3811017
dcaution,oeca_oap_amd,E4397333
celzoghb,oig_ope,E20339996
dsosnows,oar_otaq_tcd_smtpc,E24648890
ppaff,oar_otaq_asd,E24113881
dschulso,ogc_glo,E980018
chight,oar_oap_ccd_pib,E24476072
celzoghb,oig_ope,E14476375
jkaminer,ogc_glo,E21780139
dberol,ogc_ptslo,E12443677
celzoghb,oig_ope,E19814844
mlemon,oar_oap_spd_spib,E7654187
ahuskey,ogc_ptslo,E25755660
usong,oar_oap_cppd_eslb,E8835863
htomlins,oar_oap_cppd_eslb,Eldf_09019588800bd428
jlacroix,oar_otaq_cisd_ldvg,E89904
rvollaro,oar_oap_camd_emb,E19607714
jdhont,r9_sfd_sfd6_sfd62,E10751018
sgarriso,ogc_ptslo,E1488577
jkaminer,ogc_glo,E18715980
lstewa04,oar_otaq_tcd,E7947683
hcorcora,oarm_ogd,E9102685
rsauchel,oar_oap_cppd_escib,E3021563
bellies,oar_otaq_tcd_casc,E19647715
rphill02,oarm_ogd,E19874697
ccopper,oig_ope_dlp,E12559910
jlinett,oeca_osre_rsd,E13784841
mlemon,oar_oap_spd_spib,E7607716
mrobin03,oeca_oap_itd,E5805903
lmcqueen,oar_otaq_ioaa_csc,D414073
jkaminer,ogc_glo,E20540247
dgodwin,oar_oap_spd_aerb,E1491349
amckittr,oar_oap_ccd_ggrb,E6283123
sander02,ogc_ptslo,E23300362
dcaution,oeca_oap_amd,E4373385
nshaw01,oeca_osre_pped,E1470803
celzoghb,oig_ope,E22531081
celzoghb,oig_ope,E19407163
ljantara,oar_oap_ccd_csib,E11933296
mmullen,oig_oa,E6999361
rrivera,oeca_oap_plcd,E4029047
jnarimat,oig_ope,E12319656
celzoghb,oig_ope,E24770369
ljantara,oar_oap_ccd_csib,E11714588
jmarti08,oar_oap_cppd_mos,E5796621
lmcqueen,oar_otaq_ioaa_csc,D412634
dsosnows,oar_otaq_tcd_smtpc,D713484
nshaw01,oeca_osre_pped,E2764429
tthompso,oig_ope,D671842
nshaw01,oeca_osre_pped,E2704862
bvonneid,oar_oap_cppd_escib,E12013547
afett,oarm_ogd_giamd_gmbb,E4248963
dack,oarm_ogd_giamd_gmba,E9505719
llovett,oarm_ogd,E10491584
jharris,oar_oap_ccd_mos,E1990479
wethered,oarm_ogd,E5305298
ppaff,oar_otaq_asd,E24113754
tthompso,oig_ope,D684387
dcaution,oeca_oap_amd,E4374301
jkaminer,ogc_glo,E24770081
jkaminer,ogc_glo,E10815794
llovett,oarm_ogd,E10371844
mmullen,oig_oa,E7884789
celzoghb,oig_ope,E25784816
llovett,oarm_ogd,E10569492
celzoghb,oig_ope,E25176347
rphill02,oarm_ogd,E14031358
lstewa04,oar_otaq_tcd,E7996676
ljantara,oar_oap_ccd_csib,E11715897
jlinett,oeca_osre_rsd,E13784554
lgrogan,oar_oap_ccd_pib,E5410368
jmonger,oar_otaq_tcd,E9654786
ljantara,oar_oap_ccd_csib,E11715684
bellies,oar_otaq_tcd_casc,E19647133
jmonger,oar_otaq_tcd,E10238627
sander02,ogc_ptslo,E22134168
ljantara,oar_oap_ccd_csib,E11885217
gjanssen,oar_otaq_asd_hebtc,E1639452
ahuskey,ogc_ptslo,E22509466
jnarimat,oig_ope,E1165521
dsosnows,oar_otaq_tcd_smtpc,D743805
mmullen,oig_oa,E5808738
rphill02,oarm_ogd,E25460077
jkaminer,ogc_glo,E12573547
usong,oar_oap_cppd_eslb,E8713626
dberol,ogc_ptslo,E12462034
ljantara,oar_oap_ccd_csib,E11846878
ablackwe,oarm_ogd_sdd,E11759604
ckinchel,oig_ope,E21646062
dack,oarm_ogd_giamd_gmba,E9506241
dack,oarm_ogd_giamd_gmba,E9838387
rsobocin,oar_oap_camd_pdb,E3194021
jkaminer,ogc_glo,E6262022
dsosnows,oar_otaq_tcd_smtpc,D732878
dcox05,oar_otaq_asd_aqmc,E1455872
mlemon,oar_oap_spd_spib,E7434266
msimpson,oeca_oap_itd,E5006974
ahuskey,ogc_ptslo,E22627355
drichmon,r9_sfd_sfd6_sfd62,E12029210
mlemon,oar_oap_spd_spib,E7443751
dsosnows,oar_otaq_tcd_smtpc,E23073653
pguzman,oeca_oap_itd,E3807086
celzoghb,oig_ope,E25560465
celzoghb,oig_ope,E21252294
lgrogan,oar_oap_ccd_pib,E5396497
jmonger,oar_otaq_tcd,E9742783
ahuskey,ogc_ptslo,E3776154
rhubba02,oarm_ogd_nptcd,E1555269
mlemon,oar_oap_spd_spib,E7422405
celzoghb,oig_ope,E25594295
celzoghb,oig_ope,E22089469
celzoghb,oig_ope,E25536913
dgodwin,oar_oap_spd_aerb,E430334
mlemon,oar_oap_spd_spib,E7421798
pmott,oeca_osre_rsd,E20709740
mlemon,oar_oap_spd_spib,E7419232
celzoghb,oig_ope,E22997419
jsopata,oar_otaq_trpd_fpsg,E733350
jmonger,oar_otaq_tcd,E9718230
jmonger,oar_otaq_tcd,E9616429
usong,oar_oap_cppd_eslb,E8701690
msheppar,oar_oap_spd_aerb,E5947874
klayne,oeca_oap_itd,E13328913
mlemon,oar_oap_spd_spib,E7632093
ljantara,oar_oap_ccd_csib,E11870220
mlemon,oar_oap_spd_spib,E7618900
celzoghb,oig_ope,E22530450
celzoghb,oig_ope,E25399173
jgordon2,oar_oap_ccd_ggrb,E7438393
khoang,r9_sfd_sfd6_sfd61,D206335
mlemon,oar_oap_spd_spib,E7565080
jpalme03,oar_oap_cppd_mos,E5594894
jharris,oar_oap_ccd_mos,E1991225
ljantara,oar_oap_ccd_csib,E11772649
pmott,oeca_osre_rsd,E20836146
rrivera,oeca_oap_plcd,E4037117
mrobin03,oeca_oap_itd,E4271840
ccopper,oig_ope_dlp,E12947169
jkaminer,ogc_glo,E25261511
pmott,oeca_osre_rsd,E20308639
celzoghb,oig_ope,E25747048
jkaminer,ogc_glo,E14837329
dberol,ogc_ptslo,E12443375
lgrogan,oar_oap_ccd_pib,E5555401
nshaw01,oeca_osre_pped,E2713269
ccopper,oig_ope_dlp,E12947736
jmonger,oar_otaq_tcd,E9665625
rrivera,oeca_oap_plcd,E4026646
rrivera,oeca_oap_plcd,E4023617
rphill02,oarm_ogd,E23769558
mlemon,oar_oap_spd_spib,E7465791
ckinchel,oig_ope,E21576481
akarimje,oar_oap_ccd_ggrb,E4501417
sander02,ogc_ptslo,E774366
rsnyde02,oar_otaq_tcd,E17884171
lgrogan,oar_oap_ccd_pib,E5539705
jmonger,oar_otaq_tcd,E20081165
ljantara,oar_oap_ccd_csib,E11805968
lstewa04,oar_otaq_tcd,E7936145
ahuskey,ogc_ptslo,E25959648
ljantara,oar_oap_ccd_csib,E5435002
lstewa04,oar_otaq_tcd,E20503707
ahuskey,ogc_ptslo,E24565033
ppaff,oar_otaq_asd,E24080115
lgrogan,oar_oap_ccd_pib,E5566199
wethered,oarm_ogd,E5304963
bbinder,oarm_ogd,E88742
nshaw01,oeca_osre_pped,E2650324
jkaminer,ogc_glo,E12502491
ppaff,oar_otaq_asd,E24607980
lstewa04,oar_otaq_tcd,E7891040
akarimje,oar_oap_ccd_ggrb,E4487724
celzoghb,oig_ope,E25773059
usong,oar_oap_cppd_eslb,E8869100
dread,oar_otaq_tatd_ncat,E721037
gbrown02,r9_sfd_sfd7_sfd75,E2711812
ljantara,oar_oap_ccd_csib,E11715165
khoang,r9_sfd_sfd6_sfd61,D476898
dsosnows,oar_otaq_tcd_smtpc,E24632870
celzoghb,oig_ope,E24804284
lstewa04,oar_otaq_tcd,E7932475
pmott,oeca_osre_rsd,E20308599
celzoghb,oig_ope,E14043729
dsosnows,oar_otaq_tcd_smtpc,E23169163
jlinett,oeca_osre_rsd,E13785196
afett,oarm_ogd_giamd_gmbb,E4164329
jkaminer,ogc_glo,E24676814
llovett,oarm_ogd,E22109366
pguzman,oeca_oap_itd,E3800509
dack,oarm_ogd_giamd_gmba,E9506493
celzoghb,oig_ope,E24712101
dsosnows,oar_otaq_tcd_smtpc,E23082425
mlefranc,oar_oap_ccd_pib,E20218998
afett,oarm_ogd_giamd_gmbb,E4152208
lgrogan,oar_oap_ccd_pib,E5484236
ekoch,ogc_ptslo,E17138396
celzoghb,oig_ope,E18186135
mlemon,oar_oap_spd_spib,E7564984
hcorcora,oarm_ogd,E9328242
mlefranc,oar_oap_ccd_pib,E20301790
jharris,oar_oap_ccd_mos,E2780045
dberol,ogc_ptslo,E734860
cdalmeid,r9_sfd_sfd8_sfd81,E755583
celzoghb,oig_ope,E25222410
jsopata,oar_otaq_ioaa_csc,Eldf_090195888003d54c
jkaminer,ogc_glo,E26188175
mrobin03,oeca_oap_itd,E8530173
lgrogan,oar_oap_ccd_pib,E5554337
celzoghb,oig_ope,E24833771
jkaminer,ogc_glo,E17279918
dsosnows,oar_otaq_tcd_smtpc,E24662652
swei,oar_otaq_cd_ldvc,E1254004
jkaminer,ogc_glo,E10473805
nshaw01,oeca_osre_pped,E1463894
khoang,r9_sfd_sfd6_sfd61,D214358
dack,oarm_ogd_giamd_gmba,E9795781
tmurph03,oar_oap,E6416334
jkaminer,ogc_glo,E17387509
dsosnows,oar_otaq_tcd_smtpc,E23082721
llovett,oarm_ogd,E10426988
pmott,oeca_osre_rsd,E20580059
ebolleru,oar_oap_cppd_slb,E14574887
swei,oar_otaq_cd_ldvc,E1254104
lhanusia,r9_sfd_sfd7_sfd73,E1926056
mlemon,oar_oap_spd_spib,E7420289
celzoghb,oig_ope,E23400558
nshaw01,oeca_osre_pped,E2482632
pmott,oeca_osre_rsd,E20579022
celzoghb,oig_ope,E25222420
llovett,oarm_ogd,E10661293
kknapp,oar_otaq_cd_decc,E11594939
tleopkey,oar_oap_cppd_esrb,E2028468
mlemro,oeca_osre_pos,E11028
mlefranc,oar_oap_ccd_pib,E20012725
ljantara,oar_oap_ccd_csib,E11772539
rcurtis,oar_otaq_ioaa_cos,E1776534
